method,scenario,model_seed,p_node,m_node,mean_mp_attn
A0D,S1R,0,P1,M1,0.437371241957394
A0D,S1R,0,P1,M2,0.19398346239358039
A0D,S1R,0,P1,M3,0.1939693719741717
A0D,S1R,0,P1,M4,0.08806660044845657
A0D,S1R,0,P1,M5,0.08660932474616748
A0D,S1R,0,P2,M1,0.19886752243955336
A0D,S1R,0,P2,M2,0.4304677774360524
A0D,S1R,0,P2,M3,0.19403278115969985
A0D,S1R,0,P2,M4,0.08916219946608614
A0D,S1R,0,P2,M5,0.08746972101837841
A0D,S1R,0,P3,M1,0.19777242928298552
A0D,S1R,0,P3,M2,0.1931369154162668
A0D,S1R,0,P3,M3,0.4281277290327632
A0D,S1R,0,P3,M4,0.0900335061312908
A0D,S1R,0,P3,M5,0.09092941917293701
A0D,S2R,0,P1,M1,0.4372728007349802
A0D,S2R,0,P1,M2,0.19347838916588778
A0D,S2R,0,P1,M3,0.19346822019833237
A0D,S2R,0,P1,M4,0.08823825241024814
A0D,S2R,0,P1,M5,0.08754233619318673
A0D,S2R,0,P2,M1,0.19909623732317738
A0D,S2R,0,P2,M2,0.4310394217125812
A0D,S2R,0,P2,M3,0.1942407419877266
A0D,S2R,0,P2,M4,0.08879821725300889
A0D,S2R,0,P2,M5,0.0868253819829789
A0D,S2R,0,P3,M1,0.1980048349840724
A0D,S2R,0,P3,M2,0.19332776474418925
A0D,S2R,0,P3,M3,0.42870656174806815
A0D,S2R,0,P3,M4,0.08972795530041652
A0D,S2R,0,P3,M5,0.0902328832232537
A0D,S1R,1,P1,M1,0.4626322354546827
A0D,S1R,1,P1,M2,0.21646338671594118
A0D,S1R,1,P1,M3,0.2164388313074017
A0D,S1R,1,P1,M4,0.05224624639423332
A0D,S1R,1,P1,M5,0.05221930444611246
A0D,S1R,1,P2,M1,0.21965393349898987
A0D,S1R,1,P2,M2,0.457576261675773
A0D,S1R,1,P2,M3,0.21671490823451559
A0D,S1R,1,P2,M4,0.05310968246626024
A0D,S1R,1,P2,M5,0.05294521455073831
A0D,S1R,1,P3,M1,0.21929478660151733
A0D,S1R,1,P3,M2,0.21638492965579625
A0D,S1R,1,P3,M3,0.45639557283909166
A0D,S1R,1,P3,M4,0.053208329524863415
A0D,S1R,1,P3,M5,0.05471637976629224
A0D,S2R,1,P1,M1,0.46223686939448266
A0D,S2R,1,P1,M2,0.21616889091569985
A0D,S2R,1,P1,M3,0.21616609527993558
A0D,S2R,1,P1,M4,0.05247780714017242
A0D,S2R,1,P1,M5,0.05295034030924982
A0D,S2R,1,P2,M1,0.21982159417363542
A0D,S2R,1,P2,M2,0.45789888352897035
A0D,S2R,1,P2,M3,0.21685695744569028
A0D,S2R,1,P2,M4,0.05288356928089958
A0D,S2R,1,P2,M5,0.05253899201231809
A0D,S2R,1,P3,M1,0.21942890112969413
A0D,S2R,1,P3,M2,0.2164685722459015
A0D,S2R,1,P3,M3,0.45668857518713274
A0D,S2R,1,P3,M4,0.053050812723031686
A0D,S2R,1,P3,M5,0.05436313598977392
A0D,S1R,2,P1,M1,0.38351738408430297
A0D,S1R,2,P1,M2,0.19123323825164815
A0D,S1R,2,P1,M3,0.19009141475703586
A0D,S1R,2,P1,M4,0.11813164254029591
A0D,S1R,2,P1,M5,0.11702631551086606
A0D,S1R,2,P2,M1,0.1930871090633952
A0D,S1R,2,P2,M2,0.37824839190464116
A0D,S1R,2,P2,M3,0.18974241866401179
A0D,S1R,2,P2,M4,0.12018247986610849
A0D,S1R,2,P2,M5,0.11873959920447857
A0D,S1R,2,P3,M1,0.19266030044104923
A0D,S1R,2,P3,M2,0.19046521045971865
A0D,S1R,2,P3,M3,0.3748087936372899
A0D,S1R,2,P3,M4,0.12005478421698755
A0D,S1R,2,P3,M5,0.12201091239404915
A0D,S2R,2,P1,M1,0.38275075833595806
A0D,S2R,2,P1,M2,0.19082682917070626
A0D,S2R,2,P1,M3,0.18969437494799865
A0D,S2R,2,P1,M4,0.11847996281747201
A0D,S2R,2,P1,M5,0.11824807420891909
A0D,S2R,2,P2,M1,0.19341949354949875
A0D,S2R,2,P2,M2,0.37887185189261363
A0D,S2R,2,P2,M3,0.1900643480209569
A0D,S2R,2,P2,M4,0.11973029052588477
A0D,S2R,2,P2,M5,0.11791401560330272
A0D,S2R,2,P3,M1,0.19295714699213778
A0D,S2R,2,P3,M2,0.19074771416127978
A0D,S2R,2,P3,M3,0.3752501337089349
A0D,S2R,2,P3,M4,0.11986347625208138
A0D,S2R,2,P3,M5,0.12118152873729592
A0D,S1R,3,P1,M1,0.36926396613690393
A0D,S1R,3,P1,M2,0.1960147574025007
A0D,S1R,3,P1,M3,0.19616439916304687
A0D,S1R,3,P1,M4,0.11979113674875516
A0D,S1R,3,P1,M5,0.11876573980744205
A0D,S1R,3,P2,M1,0.19613856959402265
A0D,S1R,3,P2,M2,0.36720263957977295
A0D,S1R,3,P2,M3,0.1956594355070769
A0D,S1R,3,P2,M4,0.12118229377477323
A0D,S1R,3,P2,M5,0.1198170602469895
A0D,S1R,3,P3,M1,0.19507189576898643
A0D,S1R,3,P3,M2,0.19445252455585632
A0D,S1R,3,P3,M3,0.3651077124609876
A0D,S1R,3,P3,M4,0.1214658463401581
A0D,S1R,3,P3,M5,0.12390201976198462
A0D,S2R,3,P1,M1,0.3682533751672773
A0D,S2R,3,P1,M2,0.1954733465441424
A0D,S2R,3,P1,M3,0.1956127522448402
A0D,S2R,3,P1,M4,0.12027754953399819
A0D,S2R,3,P1,M5,0.1203829786225931
A0D,S2R,3,P2,M1,0.19639835295392505
A0D,S2R,3,P2,M2,0.3677869772733147
A0D,S2R,3,P2,M3,0.19594110763488123
A0D,S2R,3,P2,M4,0.12083284108348154
A0D,S2R,3,P2,M5,0.11904072368619453
A0D,S2R,3,P3,M1,0.1952934742566958
A0D,S2R,3,P3,M2,0.19470682132303418
A0D,S2R,3,P3,M3,0.36547614018715435
A0D,S2R,3,P3,M4,0.12129079190949302
A0D,S2R,3,P3,M5,0.1232327687280688
A0D,S1R,4,P1,M1,0.8872171109588585
A0D,S1R,4,P1,M2,0.026361134227606196
A0D,S1R,4,P1,M3,0.026668670638209553
A0D,S1R,4,P1,M4,0.02984548798896632
A0D,S1R,4,P1,M5,0.029907595398673666
A0D,S1R,4,P2,M1,0.026348910160103246
A0D,S1R,4,P2,M2,0.8824165261800017
A0D,S1R,4,P2,M3,0.026472240343541648
A0D,S1R,4,P2,M4,0.03208699751997469
A0D,S1R,4,P2,M5,0.03267533190326014
A0D,S1R,4,P3,M1,0.026790211338605454
A0D,S1R,4,P3,M2,0.026619558023353713
A0D,S1R,4,P3,M3,0.8704801655527371
A0D,S1R,4,P3,M4,0.033342768704583546
A0D,S1R,4,P3,M5,0.042767294381388384
A0D,S2R,4,P1,M1,0.8858393828074137
A0D,S2R,4,P1,M2,0.0260123016859465
A0D,S2R,4,P1,M3,0.02639712615689235
A0D,S2R,4,P1,M4,0.029918242445150716
A0D,S2R,4,P1,M5,0.03183294449983841
A0D,S2R,4,P2,M1,0.026546523123238217
A0D,S2R,4,P2,M2,0.8834162541289827
A0D,S2R,4,P2,M3,0.026543951421901954
A0D,S2R,4,P2,M4,0.03208596962712594
A0D,S2R,4,P2,M5,0.031407307203284544
A0D,S2R,4,P3,M1,0.026752976756264913
A0D,S2R,4,P3,M2,0.026387674344786956
A0D,S2R,4,P3,M3,0.8677249328414006
A0D,S2R,4,P3,M4,0.03326903102891659
A0D,S2R,4,P3,M5,0.04586538956940767
