method,scenario,model_seed,error_bin,num_rows,bin_num_rows,bin_entropy_mean,bin_entropy_std,bin_entropy_p95,bin_row_std_mean,bin_row_std_p95,bin_evidence_mass_mean,bin_track_mass_mean,bin_own_track_mass_mean,bin_other_track_mass_mean,bin_evidence_to_track_mass_ratio,entropy_mean,row_std_mean,evidence_mass_mean,track_mass_mean,own_track_mass_mean,other_track_mass_mean,evidence_to_track_mass_ratio,raw_residual_corr,residual_log_corr,residual_centered_corr,evidence_normalized_corr,within_evidence_gap_corr,low_spread_corr,low_spread_n_pairs,mid_spread_corr,mid_spread_n_pairs,high_spread_corr,high_spread_n_pairs,spread_low_threshold,spread_high_threshold,ranking_events,worst_track_hit_rate,top2_hit_rate,spearman_rank_corr,kendall_tau,worst_minus_best_attn,worst_minus_mean_attn,error_pos_n,error_pos_mean,error_pos_std,error_pos_min,error_pos_max,high_spread_event_share,w_s1_mean,w_s2_mean,w_s3_mean,g_s1_mean,g_s2_mean,g_s3_mean,cov_scale_s1_mean,cov_scale_s2_mean,cov_scale_s3_mean
A0D,S1R,0,low_error,61,61,1.4293891923916546,0.01633588397322648,1.4565497588628658,0.0705712967882198,0.11757158749012309,0.1774924774476088,0.8225075236923708,0.4318171628837377,0.39069036080863306,0.21579435121859558,1.4293891923916546,0.0705712967882198,0.1774924774476088,0.8225075236923708,0.4318171628837377,0.39069036080863306,0.21579435121859558,0.9930133766929492,0.24921918684144026,0.6852211627413829,0.6284962491120504,0.9984253787963729,0.9934092019780396,111,0.9941666307099264,108,0.9942209737669484,111,0.04699320793151855,0.19921600110828874,122,1.0,1.0,1.0,1.0,0.02246067196619315,0.017092840043736287,61,0.4265904383825474,0.12703619631473317,0.12145576626062393,0.6332883834838867,0.21311475409836064,0.33385037789579297,0.3334893247143167,0.3326603027640796,0.6807702779769897,0.6806832131792288,0.680346182135285,1.6929760057418073,1.693149386859331,1.6936147916512412
A0D,S1R,0,mid_error,80,80,1.4290282683124482,0.01564909342237532,1.4564294672786369,0.07075561194294512,0.11768571556067652,0.1773455422061185,0.822654458321631,0.4320691615343094,0.39058529678732157,0.21557719697761876,1.4290282683124482,0.07075561194294512,0.1773455422061185,0.822654458321631,0.4320691615343094,0.39058529678732157,0.21557719697761876,0.9923739858136709,0.32300993310638293,0.6605985586941001,0.6893771393331806,0.9982390156847979,0.9929780625897995,144,0.9938111631148453,144,0.9934295614108897,144,0.05332597736269235,0.28581777065992353,160,1.0,1.0,1.0,1.0,0.023059915052726865,0.01755214056465775,80,1.0266758248209953,0.2047426664638402,0.638323187828064,1.3586963415145874,0.33125,0.33403755612671376,0.3330068875104189,0.3329555530101061,0.6809391945600509,0.6806363314390182,0.6805363699793816,1.6928433567285537,1.693381094932556,1.69339909106493
A0D,S1R,0,high_error,60,60,1.429124439078624,0.01551302203921368,1.4556946878117647,0.07077280986152536,0.11759935663301896,0.1774576192514764,0.8225423812038368,0.43205653809838823,0.3904858431054486,0.21574282773339562,1.429124439078624,0.07077280986152536,0.1774576192514764,0.8225423812038368,0.43205653809838823,0.3904858431054486,0.21574282773339562,0.9921194725181525,0.3379725437337445,0.6510249694185206,0.6905333503724178,0.9985658999895275,0.9913120680309067,108,0.9943679594071642,108,0.9927566170604452,108,0.06886471202597022,0.3299893826246261,120,1.0,1.0,1.0,1.0,0.023096822015941144,0.017614665968964497,60,1.7107607026894887,0.4976041163796884,1.3652485609054565,3.774522542953491,0.35,0.33401866306861244,0.3329175472259521,0.3330637906988462,0.6809937238693238,0.680665843685468,0.680632405479749,1.6928268015384673,1.6934054354826609,1.693312547604243
A0D,S1R,0,tail_error,11,11,1.4293009202183666,0.017185347818214868,1.459198395144537,0.07085468479573985,0.11778980552261055,0.17775484896970517,0.822245156674674,0.4320767955346541,0.39016836114001996,0.21618229980044126,1.4293009202183666,0.07085468479573985,0.17775484896970517,0.822245156674674,0.4320767955346541,0.39016836114001996,0.21618229980044126,0.9930261275587746,0.46366587942369797,0.6750522665343369,0.6369931328450638,0.9985091505676622,0.9925833139691765,21,0.9946698005053,18,0.9959805218013346,21,0.09068774580955505,0.3721909075975417,22,1.0,1.0,1.0,1.0,0.02328171411698515,0.01772250827740539,11,2.4451253089037808,0.8115126321838241,1.7716200351715088,3.774522542953491,0.4090909090909091,0.33416231924837286,0.3319499140435999,0.33388776128942316,0.6813197081739252,0.6806349862705577,0.681157724423842,1.6926608627492732,1.6938342506235295,1.6927422826940364
A0D,S2R,0,low_error,61,61,1.4286959131131718,0.014537840354087034,1.455409951689717,0.0708107817440942,0.11763284348701646,0.17714575959033654,0.8228542402468092,0.43230760976916455,0.3905466304776447,0.21528206446041154,1.4286959131131718,0.0708107817440942,0.17714575959033654,0.8228542402468092,0.43230760976916455,0.3905466304776447,0.21528206446041154,0.9921221752896392,0.3069969927722815,0.68339912880221,0.7111084201445932,0.9986430484592436,0.993306970517987,111,0.9935743668307787,108,0.9935118272188057,111,0.053544664382934565,0.28891099691390976,122,1.0,1.0,1.0,1.0,0.022953158885729116,0.01749666526791502,61,0.6539334009905331,0.19587090677294086,0.22539517283439636,0.9519174695014954,0.3114754098360656,0.3340211798910235,0.33314320005354336,0.33283561907830783,0.680927152516412,0.6806749496303621,0.6804981261003212,1.6928423056836988,1.6933018457694131,1.6934634153960182
A0D,S2R,0,mid_error,80,80,1.4287472365860552,0.01588348697454307,1.4563289048692762,0.07083424301060638,0.11775726016638328,0.17721512171750267,0.8227848770096898,0.4322853900492191,0.39049948696047065,0.21538451504063758,1.4287472365860552,0.07083424301060638,0.17721512171750267,0.8227848770096898,0.4322853900492191,0.39049948696047065,0.21538451504063758,0.9926474989412062,0.33058914757562924,0.6584638469560139,0.6851094649021556,0.9984469623595087,0.9932838084570406,144,0.9940306483273076,144,0.9930931094136931,144,0.06189164146780967,0.2724696815013885,160,1.0,1.0,1.0,1.0,0.023092179233208297,0.01763446875847876,80,1.2752520084381103,0.15176665464300518,0.9695050120353699,1.546580195426941,0.29375,0.33401469737291334,0.333104332908988,0.3328809719532728,0.680949331074953,0.6806824862957,0.680535364896059,1.6928355306386949,1.6933128833770752,1.6934266284108161
A0D,S2R,0,high_error,60,60,1.428442983871421,0.0156781009291078,1.4559046373631404,0.07082994953254691,0.11774494571916316,0.176972594898608,0.823027405805058,0.43244438568751015,0.39058302011754775,0.21502636929264746,1.428442983871421,0.07082994953254691,0.176972594898608,0.823027405805058,0.43244438568751015,0.39058302011754775,0.21502636929264746,0.9923686054707819,0.33836699922644675,0.6623067170891532,0.6659003336846838,0.9985100983687105,0.9925956884819722,108,0.9943330657078746,108,0.9941987038860626,108,0.07006068825721737,0.2747061520814896,120,1.0,1.0,1.0,1.0,0.022862744393448035,0.017463186631600063,60,1.923919775088628,0.4575731285163327,1.5575358867645264,3.778550386428833,0.3,0.33390408009290695,0.3332442899545034,0.33285161952177683,0.6809317449728648,0.6807382524013519,0.6805529028177262,1.6928787708282471,1.6932223975658416,1.693430366118749
A0D,S2R,0,tail_error,11,11,1.4283363194701086,0.015620427750750588,1.4556022658478471,0.07098797261715857,0.1177920838366001,0.17698305687218002,0.8230169424504945,0.432505985101064,0.3905109573494304,0.2150418147471196,1.4283363194701086,0.07098797261715857,0.17698305687218002,0.8230169424504945,0.432505985101064,0.3905109573494304,0.2150418147471196,0.9933935556937576,0.5351265474635507,0.7640990469487312,0.7214830058769512,0.9986649016464626,0.9941262443077318,21,0.9958326913642571,18,0.9945528921390078,21,0.1512885570526123,0.6555151015520095,22,1.0,1.0,1.0,1.0,0.023686655204404484,0.018035269596359947,11,2.6428123604167593,0.6682464886718017,2.0593366622924805,3.778550386428833,0.5,0.33393643390048633,0.3328402042388916,0.33322335915132,0.6810864589431069,0.6807603727687489,0.6808127815073187,1.692811662500555,1.693395029414784,1.6931705474853516
A0D,S1R,1,low_error,61,61,1.332388310077026,0.01639301422016889,1.3601591465955758,0.07063721710438214,0.11771791023698527,0.10635725146190064,0.8936427516526864,0.45870772346121363,0.4349350281914727,0.11901540214499083,1.332388310077026,0.07063721710438214,0.10635725146190064,0.8936427516526864,0.45870772346121363,0.4349350281914727,0.11901540214499083,0.9923696951217238,0.3011160334941417,0.6956425541991513,0.6269492238876129,0.9945395507264276,0.9939020762873528,111,0.9897012904899021,108,0.9938001247752766,111,0.04699320793151855,0.19921600110828874,122,1.0,1.0,1.0,1.0,0.014668913252773832,0.011222258683477268,61,0.4266088236062253,0.1270298214820443,0.1215280145406723,0.633417546749115,0.21311475409836064,0.33372093566128463,0.33349704302725247,0.33278202082290026,0.6617059863981654,0.6616126191420634,0.661311613731697,1.5929261895476794,1.593202946616001,1.5942542357522933
A0D,S1R,1,mid_error,80,80,1.3316314791132247,0.015439979868723074,1.358869718273979,0.07074846208625694,0.11777340339181194,0.10598827839518586,0.8940117221946517,0.45899650814632575,0.435015214048326,0.11855356676420536,1.3316314791132247,0.07074846208625694,0.10598827839518586,0.8940117221946517,0.45899650814632575,0.435015214048326,0.11855356676420536,0.9913657952247146,0.3666280139780218,0.6714777703885718,0.6874829257654589,0.9940149684231748,0.9925243514311887,144,0.990436943071892,144,0.9939353563987672,144,0.05332597736269235,0.28581777065992353,160,1.0,1.0,1.0,1.0,0.01492142879869789,0.011416276823729277,80,1.0269095323979855,0.20474272320822726,0.6382083296775818,1.3594483137130737,0.33125,0.3337797552347183,0.3332505889236927,0.33296966217458246,0.6616028919816017,0.6613762632012368,0.6612403072416783,1.5930909261107444,1.593810471892357,1.5942051902413368
A0D,S1R,1,high_error,60,60,1.3319416114616651,0.015505382832315376,1.3588791432761156,0.07074012179343375,0.11779731262329887,0.10614951530264484,0.8938504842420419,0.458859681751993,0.43499080249004896,0.11875533679735756,1.3319416114616651,0.07074012179343375,0.10614951530264484,0.8938504842420419,0.458859681751993,0.43499080249004896,0.11875533679735756,0.9894857934922406,0.3897257836923811,0.6597709988153966,0.6879944053466155,0.9949524445976932,0.9912472823795766,108,0.9863603728678706,108,0.9923214257217946,108,0.06886471202597022,0.3299893826246261,120,1.0,1.0,1.0,1.0,0.015082930928717058,0.011538641449684897,60,1.710882294178009,0.4972564622835229,1.3659794330596924,3.7731921672821045,0.35,0.3337457244594892,0.33315311968326566,0.33310115337371826,0.6615375459194184,0.6612792114416758,0.6612393746773402,1.5932663520177206,1.5940791388352713,1.5941485901673635
A0D,S1R,1,tail_error,11,11,1.3309307215807669,0.016794638614791316,1.3590705872101472,0.07078376346097193,0.11786381000167213,0.10558284830414888,0.894417148196336,0.4591223588495543,0.4352947893467816,0.1180465384827037,1.3309307215807669,0.07078376346097193,0.10558284830414888,0.894417148196336,0.4591223588495543,0.4352947893467816,0.1180465384827037,0.9914901282323857,0.4905262786419467,0.6885586007114752,0.6361199490216024,0.9944373527485156,0.9929136764602211,21,0.9882847905651604,18,0.9955590879636016,21,0.09068774580955505,0.3721909075975417,22,1.0,1.0,1.0,1.0,0.015153951434926554,0.011561603200706568,11,2.4448303417725996,0.8108075214000823,1.7725416421890259,3.7731921672821045,0.4090909090909091,0.3337011283094233,0.33232728188688104,0.3339715843850916,0.6611302061514421,0.660522000356154,0.6611808430064808,1.5941645340486006,1.596122069792314,1.593753998929804
A0D,S2R,1,low_error,61,61,1.3315818663521906,0.014722244692793205,1.3586563843991208,0.07077061413893283,0.11769781985419218,0.10597685227791469,0.8940231440171518,0.45903997473378,0.43498316928337183,0.11853927159170001,1.3315818663521906,0.07077061413893283,0.10597685227791469,0.8940231440171518,0.45903997473378,0.43498316928337183,0.11853927159170001,0.9915357635802634,0.36014246906660113,0.696731524099381,0.7095931324736866,0.9954881935975558,0.9916339046216712,111,0.9897341070158466,108,0.9944261491176764,111,0.053544664382934565,0.28891099691390976,122,1.0,1.0,1.0,1.0,0.014954816244664739,0.011467291820855414,61,0.6540770010381448,0.19590766794056538,0.2256896197795868,0.9518719911575317,0.3114754098360656,0.3337781785941515,0.3333685139163596,0.3328533118865529,0.6616246221495456,0.6614480194498281,0.6612162873393199,1.5930780113720504,1.5936313808941451,1.5943656163137467
A0D,S2R,1,mid_error,80,80,1.3318620890538704,0.015667092099389133,1.3596072483799828,0.07076208746322994,0.11786875102923006,0.10613232812223335,0.8938676718001565,0.45894666959842045,0.43492100220173596,0.11873382545370936,1.3318620890538704,0.07076208746322994,0.10613232812223335,0.8938676718001565,0.45894666959842045,0.43492100220173596,0.11873382545370936,0.9912463407518123,0.379675973797613,0.6674559447781626,0.6827053188592266,0.9946059625804877,0.9929900408204946,144,0.9890934225126633,144,0.9926308337226112,144,0.06189164146780967,0.2724696815013885,160,1.0,1.0,1.0,1.0,0.01500822943635285,0.011485422519035638,80,1.275426872074604,0.15182710961245707,0.9705861210823059,1.5465418100357056,0.29375,0.3337732404470444,0.3333016872406006,0.33292506970465185,0.6615970104932785,0.6613907210528851,0.6612198926508427,1.5931198850274086,1.593759749829769,1.5942982673645019
A0D,S2R,1,high_error,60,60,1.3319588052525817,0.01568471489540996,1.3594674144484278,0.0707117029163532,0.11770754295296558,0.1061426301797231,0.8938573700686295,0.4588342992795838,0.4350230707890458,0.11874671925742869,1.3319588052525817,0.0707117029163532,0.1061426301797231,0.8938573700686295,0.4588342992795838,0.4350230707890458,0.11874671925742869,0.9903473835219807,0.38834234722079897,0.6702018874725646,0.663524875774457,0.9944828361885696,0.9917773737679195,108,0.990177841464024,108,0.9922633785840026,108,0.07006068825721737,0.2747061520814896,120,1.0,1.0,1.0,1.0,0.014980322681367397,0.011440147832036018,60,1.9239143033822377,0.45728784779298776,1.5568300485610962,3.77726411819458,0.3,0.3336986357967059,0.33333353052536646,0.3329678371548653,0.6615644047657648,0.6614028185606002,0.6612431953350703,1.593244163195292,1.5937466720740001,1.594277064005534
A0D,S2R,1,tail_error,11,11,1.3310530977188932,0.015403956857521111,1.3582566549010984,0.07080204108639002,0.11775233096214355,0.10564215074885976,0.8943578546697443,0.4590514473842852,0.4353064072854591,0.11812067194050617,1.3310530977188932,0.07080204108639002,0.10564215074885976,0.8943578546697443,0.4590514473842852,0.4353064072854591,0.11812067194050617,0.9921810962716748,0.5447651155880029,0.7763297601194511,0.7197511821656971,0.9963695943676515,0.9926732753675772,21,0.9938268228830178,18,0.9945078156774707,21,0.1512885570526123,0.6555151015520095,22,1.0,1.0,1.0,1.0,0.015410946343432774,0.01177225016396154,11,2.642398704182018,0.6676520782421855,2.059429168701172,3.77726411819458,0.5,0.3336390040137551,0.33300393277948553,0.33335706049745734,0.6613671129400079,0.6610831726681102,0.6612211140719327,1.5937438011169434,1.5946503660895608,1.594151962887157
A0D,S1R,2,low_error,61,61,1.5065685581614257,0.013379593809620453,1.5283535580708736,0.057760326804285514,0.09561605685362608,0.23888830865015748,0.7611116864642159,0.3788397935895972,0.3822718928746187,0.31386761351665166,1.5065685581614257,0.057760326804285514,0.23888830865015748,0.7611116864642159,0.3788397935895972,0.3822718928746187,0.31386761351665166,0.9892745742948645,0.1630147455390876,0.6677137261394926,0.6297192741937958,0.9982765941255369,0.9889652026902374,111,0.9894692890249521,108,0.9899673643836822,111,0.04699320793151855,0.19921600110828874,122,1.0,1.0,1.0,1.0,0.02835257595679799,0.021629976200275732,61,0.42569380094770526,0.12748268385131611,0.1171967089176178,0.6292263865470886,0.21311475409836064,0.3353697916523355,0.33424140732796465,0.3303888015082625,0.657236677701356,0.6568877745847232,0.655615032696333,1.6599820637312093,1.6614188542131518,1.666213625767192
A0D,S1R,2,mid_error,80,80,1.5064894112418181,0.012586180150233902,1.5282825314236488,0.057855223484557426,0.09556032878771309,0.23875923175364733,0.7612407675633828,0.3788024552166462,0.3824383123467366,0.3136448308172981,1.5064894112418181,0.057855223484557426,0.23875923175364733,0.7612407675633828,0.3788024552166462,0.3824383123467366,0.3136448308172981,0.9890125926225637,0.24085953609576627,0.6371420177143734,0.6908134921705593,0.9985390223127263,0.9895707209150847,144,0.9894973376618874,144,0.9884518754273943,144,0.05332597736269235,0.28581777065992353,160,1.0,1.0,1.0,1.0,0.029136638296768068,0.022248810064047574,80,1.0266998156905174,0.20461332545550864,0.6384044289588928,1.3592400550842285,0.33125,0.335342213883996,0.33374146558344364,0.3309163235127926,0.6571480661630631,0.6566256314516068,0.6556836374104023,1.6603117719292642,1.6623397931456565,1.6658058121800423
A0D,S1R,2,high_error,60,60,1.506247549401687,0.012488319756079417,1.528078471381541,0.05789381863388639,0.09549383853644586,0.2384806465357542,0.7615193537539906,0.37895120564434265,0.38256814810964795,0.31316426215583165,1.506247549401687,0.05789381863388639,0.2384806465357542,0.7615193537539906,0.37895120564434265,0.38256814810964795,0.31316426215583165,0.9888762821350703,0.266732642433798,0.636039720515688,0.6915864587358289,0.998761887795188,0.9877495197323474,108,0.9897841341902731,108,0.9881209508961689,108,0.06886471202597022,0.3299893826246261,120,1.0,1.0,1.0,1.0,0.02922463243206342,0.022390483412891626,60,1.711472741762797,0.49759274293362843,1.3663922548294067,3.7739462852478027,0.35,0.3351779202620188,0.33368823130925496,0.33113385289907454,0.6570750057697297,0.6565798461437226,0.6557378043731054,1.6605676492055257,1.6624595324198406,1.665599234898885
A0D,S1R,2,tail_error,11,11,1.5056305466928845,0.013374872596370078,1.5278699833589315,0.057851082309915085,0.09550543684227993,0.23763990424799197,0.7623600873983267,0.37928577625390253,0.3830743111444242,0.3117160882057394,1.5056305466928845,0.057851082309915085,0.23763990424799197,0.7623600873983267,0.37928577625390253,0.3830743111444242,0.3117160882057394,0.9899010021106658,0.41596599024289743,0.6653675505620417,0.6392906903694601,0.9990985769436781,0.9892550406277776,21,0.9912224024953669,18,0.9910745634835653,21,0.09068774580955505,0.3721909075975417,22,1.0,1.0,1.0,1.0,0.02881331572478468,0.021948782388459553,11,2.4459477879784326,0.8108707788764217,1.7709708213806152,3.7739462852478027,0.4090909090909091,0.3346407007087361,0.33265211365439673,0.33270719376477326,0.6567041277885437,0.6559956615621393,0.656043220650066,1.661876147443598,1.6643909324299206,1.6642903848127886
A0D,S2R,2,low_error,61,61,1.5064105644589978,0.011914648566470216,1.527837103234438,0.057884699707254045,0.09553793564395995,0.23864716397282856,0.7613528326886599,0.37882731977056283,0.38252551291809705,0.31345146918290717,1.5064105644589978,0.057884699707254045,0.23864716397282856,0.7613528326886599,0.37882731977056283,0.38252551291809705,0.31345146918290717,0.9890891536558044,0.2327600339262639,0.6690047007661142,0.7123359882096577,0.9989143545045669,0.9889728751520172,111,0.9894138143372894,108,0.9891358641041409,111,0.053544664382934565,0.28891099691390976,122,1.0,1.0,1.0,1.0,0.029354298456770476,0.022500239190508108,61,0.6561100165374943,0.19608861451003565,0.22641117870807648,0.9525085687637329,0.3114754098360656,0.3353984180043955,0.33373980541698267,0.33086178097568575,0.6571433641871468,0.656613507231728,0.6556493151383321,1.660309076309204,1.6623962961259435,1.6659278732831362
A0D,S2R,2,mid_error,80,80,1.5062096587813167,0.012776160698063803,1.5281816592662292,0.05788550898397525,0.09543087716864163,0.23842583214864135,0.7615741670752565,0.3789718721061945,0.382602294969062,0.31306974744730387,1.5062096587813167,0.05788550898397525,0.23842583214864135,0.7615741670752565,0.3789718721061945,0.382602294969062,0.31306974744730387,0.9892052515662053,0.25833021940803325,0.6401371417936073,0.6862973992472355,0.9986103458881399,0.9901624296291938,144,0.9889627205022541,144,0.988532888810308,144,0.06189164146780967,0.2724696815013885,160,1.0,1.0,1.0,1.0,0.029169047065079213,0.02233641443308443,80,1.2767713628709316,0.15070113945784336,0.9698322415351868,1.543497920036316,0.29375,0.3353473160415888,0.33380214497447014,0.3308505415916443,0.6571340531110763,0.6566331423819065,0.6556479804217815,1.6603489503264428,1.662303951382637,1.6659395828843118
A0D,S2R,2,high_error,60,60,1.5061213180172761,0.012743424307080897,1.528310627259873,0.05787741083910966,0.09545187935363478,0.23835697919130325,0.7616430240372817,0.3790709594885508,0.38257206454873083,0.31295104355821673,1.5061213180172761,0.05787741083910966,0.23835697919130325,0.7616430240372817,0.3790709594885508,0.38257206454873083,0.31295104355821673,0.9890687973963022,0.26287718402162497,0.6406864419788904,0.6671326077220414,0.9987823509441858,0.9888973333445351,108,0.9898160439599999,108,0.989041805268299,108,0.07006068825721737,0.2747061520814896,120,1.0,1.0,1.0,1.0,0.02892858237028122,0.022137855738401414,60,1.9218080461025238,0.4576311148813659,1.5579074621200562,3.777986764907837,0.3,0.3350799694657326,0.3342554971575737,0.3306645358602206,0.6570740560690562,0.6567981014649074,0.655618530511856,1.6605762124061585,1.6616320530573527,1.6661089877287547
A0D,S2R,2,tail_error,11,11,1.5060606092076843,0.012380514809027845,1.5283426177945232,0.05799517490817506,0.09544847684132035,0.23831890884673956,0.7616810848315557,0.37906087077025213,0.3826202140613036,0.31288542356207166,1.5060606092076843,0.05799517490817506,0.23831890884673956,0.7616810848315557,0.37906087077025213,0.3826202140613036,0.31288542356207166,0.9896864653633185,0.4692360548723233,0.7470842780289866,0.7223223122812513,0.9988878977182268,0.9901382338328514,21,0.991467964914951,18,0.9890785654544472,21,0.1512885570526123,0.6555151015520095,22,1.0,1.0,1.0,1.0,0.02975654568184506,0.02270596135746349,11,2.6391982598738237,0.6709143047484417,2.0541014671325684,3.777986764907837,0.5,0.33476765047420154,0.33383273807438935,0.331399606032805,0.6568739901889454,0.6565448154102672,0.6557615616104819,1.6612756143916736,1.662461064078591,1.665506666356867
A0D,S1R,3,low_error,61,61,1.5150560444420254,0.014035012590026454,1.537293280518418,0.05378496247719095,0.08904682898779738,0.24148594449615218,0.7585140577430933,0.36740626793741527,0.39110778980567806,0.3183671311441176,1.5150560444420254,0.05378496247719095,0.24148594449615218,0.7585140577430933,0.36740626793741527,0.39110778980567806,0.3183671311441176,0.9883748132326663,0.2641946383541176,0.6775371916655782,0.6291371197235731,0.9973494804047646,0.9878178791420343,111,0.9880982558270422,108,0.9898562263142636,111,0.04699320793151855,0.19921600110828874,122,1.0,1.0,1.0,1.0,0.03138463473955139,0.02382700551362311,61,0.42643266879632824,0.1271017760644547,0.12073489278554916,0.6323757171630859,0.21311475409836064,0.33400909871351525,0.33355863612206255,0.3324322666301102,0.6528618804744033,0.6528431870898262,0.6526781457369445,1.6203253816385739,1.6211424460176562,1.6233217657589523
A0D,S1R,3,mid_error,80,80,1.5150692148000313,0.013210344855332427,1.5372441186544545,0.053879272133676076,0.08901238744580557,0.24146399507299066,0.7585360029091438,0.3672629994650682,0.39127300344407556,0.31832898392024356,1.5150692148000313,0.053879272133676076,0.24146399507299066,0.7585360029091438,0.3672629994650682,0.39127300344407556,0.31832898392024356,0.987519861549925,0.34037138221311514,0.6578468531621626,0.6898124753221995,0.9969408409913529,0.9890250477228333,144,0.9874681787137867,144,0.9878037328122934,144,0.05332597736269235,0.28581777065992353,160,1.0,1.0,1.0,1.0,0.03235669354908168,0.024587045540101826,80,1.0268559895455838,0.20473748557395732,0.6386525630950928,1.357940912246704,0.33125,0.33413034304976463,0.33312975578010084,0.33273989632725715,0.6529225833714009,0.6528811752796173,0.6527420431375504,1.620658887922764,1.622429595887661,1.6233460038900376
A0D,S1R,3,high_error,60,60,1.515565136829391,0.013263739066489024,1.5373797934086109,0.05383458814580355,0.08892238075109613,0.2420358709577057,0.7579641259378858,0.3668776169419289,0.39108650899595687,0.3193236495964985,1.515565136829391,0.05383458814580355,0.2420358709577057,0.7579641259378858,0.3668776169419289,0.39108650899595687,0.3193236495964985,0.986700270439244,0.3623734740564866,0.6494620469776071,0.6908618957163407,0.9975226568649612,0.9855991873615714,108,0.987928893293118,108,0.9867213103417232,108,0.06886471202597022,0.3299893826246261,120,1.0,1.0,1.0,1.0,0.03258798426638047,0.02479956786458691,60,1.7109516402085623,0.4975722132533273,1.3657896518707275,3.7751941680908203,0.35,0.3340817173322042,0.3330159525076548,0.3329023311535517,0.6529333233833313,0.6528952787319819,0.6527727355559667,1.6209710975488028,1.6228445013364157,1.6232559442520142
A0D,S1R,3,tail_error,11,11,1.5171962291084369,0.01432607440837569,1.5405484692679816,0.05342978994296781,0.08751393609537352,0.2436159826589353,0.7563840114709103,0.3654744697339607,0.3909095417369496,0.3220797623487372,1.5171962291084369,0.05342978994296781,0.2436159826589353,0.7563840114709103,0.3654744697339607,0.3909095417369496,0.3220797623487372,0.9880751852941492,0.45971605771823815,0.663272484385293,0.6383671386345046,0.9977914038390386,0.9873515659203073,21,0.9916229991320646,18,0.988953798570723,21,0.09068774580955505,0.3721909075975417,22,1.0,1.0,1.0,1.0,0.03237246078523723,0.024504245682196182,11,2.4452509554949673,0.8114684087925694,1.7709474563598633,3.7751941680908203,0.4090909090909091,0.3340636762705716,0.3319538614966653,0.3339824676513672,0.653037428855896,0.6529787345366045,0.652946569702842,1.6223446347496726,1.6260159557515925,1.6225759983062744
A0D,S2R,3,low_error,61,61,1.5150081434308786,0.012790888765951152,1.5370219816869064,0.05393463157495979,0.08904382434377837,0.24142825925122194,0.7585717394052307,0.3673146665096283,0.39125707289560246,0.31826687801541,1.5150081434308786,0.05393463157495979,0.24142825925122194,0.7585717394052307,0.3673146665096283,0.39125707289560246,0.31826687801541,0.9876884286554187,0.32471838647593537,0.6839530960556931,0.7116054090522688,0.9976795870554912,0.9886747189682196,111,0.9884311941098758,108,0.9877772657908345,111,0.053544664382934565,0.28891099691390976,122,1.0,1.0,1.0,1.0,0.03261672302347715,0.024881699687389076,61,0.654407657560755,0.1959125552235934,0.22559568285942078,0.9520010352134705,0.3114754098360656,0.3341359598714797,0.3332096299187082,0.3326544087441241,0.6529433033505424,0.6529049502044427,0.6527571209141465,1.6207107207814202,1.6223490023222127,1.6235625333473331
A0D,S2R,3,mid_error,80,80,1.5152597312645297,0.013326917404576392,1.5373635900976748,0.053891379068003495,0.0890200487337453,0.24173301045472423,0.7582669883966446,0.36714309118688104,0.39112389720976354,0.31879669582592357,1.5152597312645297,0.053891379068003495,0.24173301045472423,0.7582669883966446,0.36714309118688104,0.39112389720976354,0.31879669582592357,0.9875413437392244,0.3510164544818635,0.6562944498483286,0.6854205727740816,0.9972916075984138,0.9879025139766051,144,0.9870877045591175,144,0.9879062549214443,144,0.06189164146780967,0.2724696815013885,160,1.0,1.0,1.0,1.0,0.03250154424458742,0.024768701451830567,80,1.275659877061844,0.15158139773076615,0.969172477722168,1.5461889505386353,0.29375,0.33411471322178843,0.3331710997968912,0.3327141847461462,0.6529461987316608,0.6529083229601383,0.6527675807476043,1.6208206236362457,1.6224825918674468,1.623518069088459
A0D,S2R,3,high_error,60,60,1.515388655649513,0.013696621573191734,1.5379945646659343,0.05384431600375959,0.0891148999213507,0.24188496896790135,0.7581150352127022,0.3670660509003533,0.3910489843123489,0.31906103656160356,1.515388655649513,0.05384431600375959,0.24188496896790135,0.7581150352127022,0.3670660509003533,0.3910489843123489,0.31906103656160356,0.987166313144896,0.359812897521146,0.654151682069885,0.6662504070789772,0.9973066358819006,0.9872310824437603,108,0.9889614274664518,108,0.9881466697884705,108,0.07006068825721737,0.2747061520814896,120,1.0,1.0,1.0,1.0,0.032295445539057256,0.024530838585148255,60,1.9236324866612753,0.4575892649095019,1.557932734489441,3.779247522354126,0.3,0.3339640607436498,0.3332990492383639,0.33273688703775406,0.6529282003641128,0.6529095192750295,0.6527726173400878,1.6210892478624979,1.622245345513026,1.6234350780646005
A0D,S2R,3,tail_error,11,11,1.5160466493284004,0.013095135290030533,1.5385359318601193,0.053845987155558855,0.08754136331055307,0.24257297384919543,0.7574270268281301,0.3664050481536172,0.39102197867451294,0.3202592002361151,1.5160466493284004,0.053845987155558855,0.24257297384919543,0.7574270268281301,0.3664050481536172,0.39102197867451294,0.3202592002361151,0.987214366139399,0.5535408684779665,0.7547494430940132,0.7220040928182987,0.998258760533949,0.9869743652590703,21,0.9899608774244922,18,0.9883027254343538,21,0.1512885570526123,0.6555151015520095,22,1.0,1.0,1.0,1.0,0.033479675989259376,0.025446675887162037,11,2.6423127434470435,0.6686383459174681,2.0586061477661133,3.779247522354126,0.5,0.33392947912216187,0.332851997830651,0.3332185013727708,0.6529702544212341,0.6529486287723888,0.6528510613874956,1.6217885450883345,1.6236526640978726,1.6231549002907493
A0D,S1R,4,low_error,61,61,0.507391670843197,0.09476976830205677,0.6960018955336417,0.24732763817015344,0.4184684701987871,0.06294756363873762,0.9370524357251131,0.8837209086600548,0.053331527065058226,0.06717613789673074,0.507391670843197,0.24732763817015344,0.06294756363873762,0.9370524357251131,0.8837209086600548,0.053331527065058226,0.06717613789673074,0.5586064297930416,0.8158952622346972,0.510755479609761,0.3674620285858855,0.49535493501698824,0.5430689741069898,111,0.4828393301575539,108,0.6901936733869716,111,0.048809356987476335,0.19787568151950832,122,1.0,1.0,1.0,1.0,0.029172885689701212,0.024696826266857687,61,0.40165176340302483,0.13073477945783954,0.03489138185977936,0.5660950541496277,0.21311475409836064,0.47538167800082537,0.2767399815750904,0.24787833506516257,0.9014023972339318,0.8816217291550558,0.8714823380845492,2.024390392616147,2.2610416373268505,2.355658296678887
A0D,S1R,4,mid_error,80,80,0.5090085141092981,0.0927052751302781,0.696823551908995,0.2477474103209503,0.41894686630512606,0.06481471173659277,0.9351852911058813,0.8819243681927522,0.05326092291312913,0.06930681262100226,0.5090085141092981,0.2477474103209503,0.06481471173659277,0.9351852911058813,0.8819243681927522,0.05326092291312913,0.06930681262100226,0.5012685068146058,0.7740599327040211,0.5936407893249962,0.4093352171544311,0.479400624544092,0.5134744413728533,144,0.484874712833929,144,0.5777875345841177,144,0.05557849295437335,0.30413925051689145,160,1.0,1.0,1.0,1.0,0.03449135130795185,0.029206678560876755,80,0.995914539694786,0.2561421796519237,0.5791787505149841,1.4092822074890137,0.35,0.4194337083026767,0.26898566228337584,0.31158063070615755,0.8996977902948856,0.8827556349337101,0.8827333658933639,2.1365577593445777,2.3411184519529344,2.3200488090515137
A0D,S1R,4,high_error,60,60,0.5309858199024166,0.10747759884177156,0.7284581656597253,0.2464642329937284,0.418657174827266,0.07361547606997192,0.9263845244939957,0.8737783316108916,0.052606192883104086,0.0794653560411987,0.5309858199024166,0.2464642329937284,0.07361547606997192,0.9263845244939957,0.8737783316108916,0.052606192883104086,0.0794653560411987,0.5079690516944845,0.7925608216018395,0.5549397025645434,0.49081664770292666,0.5733371508902586,0.42440335237653787,108,0.5143807322353335,108,0.598251222341763,108,0.06008518636226654,0.3021426975727081,120,1.0,1.0,1.0,1.0,0.039949053642340006,0.03368711230577901,60,1.8476907769838968,0.4992917042507801,1.4218924045562744,4.171980857849121,0.325,0.650746609767278,0.15848769675940275,0.19076569691921275,0.9268029044071834,0.8762110422054926,0.8573844055334727,1.7628958582878114,2.3897584716478986,2.507854785521825
A0D,S1R,4,tail_error,11,11,0.5567783608383728,0.12401402567701941,0.8011425197651043,0.2459699329259032,0.41643952331609746,0.0869290612525109,0.9130709473833893,0.8614221540364352,0.05164879334695412,0.09520515519809904,0.5567783608383728,0.2459699329259032,0.0869290612525109,0.9130709473833893,0.8614221540364352,0.05164879334695412,0.09520515519809904,0.47789311668562506,0.7611512977274958,0.6352895941382777,0.5696911007099986,0.628985912005557,0.5697394034294335,21,0.6273060944178216,18,0.5532115958584651,21,0.07489544153213501,0.31407899558544156,22,1.0,1.0,1.0,1.0,0.05576556455343962,0.04847508990629153,11,2.589656287973577,0.7539799603373122,2.0932230949401855,4.171980857849121,0.36363636363636365,0.6452557227828286,0.11681571162559769,0.23792854154651816,0.9322962435809049,0.869707004590468,0.8598155866969716,1.823195056481795,2.590640891682018,2.5805960351770576
A0D,S2R,4,low_error,61,61,0.5114629729477055,0.09544811794905764,0.6886557508535236,0.24753596210714734,0.41871807037202813,0.06471395372957643,0.9352860521586215,0.8821209717969425,0.053165080361678954,0.06919161638326363,0.5114629729477055,0.24753596210714734,0.06471395372957643,0.9352860521586215,0.8821209717969425,0.053165080361678954,0.06919161638326363,0.5911953857960228,0.8229994108178529,0.5736360888131171,0.4612449881085862,0.5710092987493857,0.520717974436194,111,0.6223617060469241,108,0.6996300784564317,111,0.056076943874359124,0.2955166252329945,122,1.0,1.0,1.0,1.0,0.03285988924078277,0.02788467830825658,61,0.6415017625836076,0.21308043484332284,0.13334576785564423,0.9642002582550049,0.319672131147541,0.37619196025074503,0.3198256867586589,0.3039823492653057,0.8946520940202182,0.8905235597344695,0.8781690333710342,2.20359085622381,2.253006645890533,2.3645258770614372
A0D,S2R,4,mid_error,80,80,0.5150199640393123,0.09942872243669132,0.7023575080123351,0.2474792372040141,0.4190215644407827,0.06760797119544198,0.9323920322659736,0.8794813481469949,0.05291068411897868,0.07251024124598716,0.5150199640393123,0.2474792372040141,0.06760797119544198,0.9323920322659736,0.8794813481469949,0.05291068411897868,0.07251024124598716,0.49992642490343536,0.787610475910656,0.5838267003868933,0.4367285178765937,0.4882807178857292,0.4677508471127527,144,0.5766975595661595,144,0.5644607043098309,144,0.07137495577335357,0.3083713218569756,160,1.0,1.0,1.0,1.0,0.03668320840224624,0.03104711077758111,80,1.2860759899020195,0.16858294926069134,0.9731869101524353,1.575863242149353,0.31875,0.4266588012687862,0.30569778070785103,0.2676434137043543,0.9013127945363522,0.8906279347836972,0.8713600136339664,2.115009132027626,2.2457099169492722,2.424517399072647
A0D,S2R,4,high_error,60,60,0.5286209411930831,0.10124662214416077,0.720131018184073,0.24658920331211562,0.41885325036526116,0.07228660633166631,0.927713391598728,0.8751635173956553,0.05254987420307265,0.07791911487565663,0.5286209411930831,0.24658920331211562,0.07228660633166631,0.927713391598728,0.8751635173956553,0.05254987420307265,0.07791911487565663,0.508478229100553,0.7760126420966924,0.5718665066465746,0.466017707470251,0.5849125867267624,0.5015759861548685,108,0.48733901406118785,108,0.5776919013867311,108,0.05309283435344696,0.25102931559085845,120,1.0,1.0,1.0,1.0,0.0381634410082673,0.0326176768168807,60,1.9899595240751902,0.4672858357043459,1.5763863325119019,4.169534683227539,0.25833333333333336,0.7260719547669093,0.15683182496577502,0.11709622320098181,0.9366245567798615,0.8899263997872671,0.825948045651118,1.5968380292256674,2.208332457145055,2.7267055988311766
A0D,S2R,4,tail_error,11,11,0.5141293179461065,0.1156149917851989,0.7556843610522105,0.24777033698227807,0.41955457578092914,0.06763884250187513,0.9323611514586391,0.8796150359240446,0.052746115534594566,0.07254575375224188,0.5141293179461065,0.24777033698227807,0.06763884250187513,0.9323611514586391,0.8796150359240446,0.052746115534594566,0.07254575375224188,0.5443765378939145,0.8196859449893463,0.5834067639716554,0.428453119959834,0.6746902707623913,0.3552630109098847,21,0.5908350311847615,18,0.6803179952541728,21,0.08751867413520813,0.2992909990251064,22,1.0,1.0,1.0,1.0,0.037909521805969154,0.03222839830612594,11,2.7009598992087622,0.6896523352500029,2.2358758449554443,4.169534683227539,0.36363636363636365,0.6877117671749808,0.08914396708661859,0.2231442773375999,0.9369595701044257,0.8719453378157183,0.8458775823766534,1.7033453421159224,2.503169287334789,2.590062206441706
